{
  "timestamp": "2025-05-01T08:59:50.543726",
  "cpu": {
    "vendor": "GenuineIntel",
    "model": "Intel(R) Core(TM) i3-7020U CPU @ 2.30GHz",
    "cores": 2,
    "threads": 4,
    "kaby_lake": true,
    "l3_cache_kb": 3072,
    "avx2_support": true,
    "aesni_support": true
  },
  "benchmarks": {
    "single_verification": 1000788.3560009544,
    "small_batch_verification": 8652.425872622429,
    "optimal_batch_verification": 136250.1257084849,
    "sha256_64bytes": 141826.5283625735,
    "sha256_1kb": 67496.47737052526,
    "sha256_32kb": 2747.374495548777,
    "block_validation": 1.0355050271433746,
    "node_metrics": {
      "max_tx_validation": 5000,
      "max_block_validation": 1.0355050271433746,
      "p2p_message_processing": 10000,
      "initial_block_download": "0.5 hours (100k blocks)",
      "mempool_memory": "150 MB"
    }
  }
}