{
  "cpu_info": {
    "processor": "Intel(R) Core(TM) i3-7020U CPU @ 2.30GHz",
    "cores": 2,
    "threads": 4,
    "l1_cache": 128,
    "l2_cache": 512,
    "l3_cache": 3072,
    "avx": true,
    "avx2": true,
    "avx512": false,
    "sha_extensions": false,
    "aes_ni": true,
    "kaby_lake": true
  },
  "schnorr_verification": {
    "single": 4100.40192562191,
    "batch": 6940.438511932797
  },
  "sha256": {
    "small": 13138.79469536902,
    "medium": 15810.203257585557,
    "large": 27857.09826320858
  },
  "dlc_oracle": 5414.829023738186,
  "work_scheduling": 2742.1368680842716,
  "block_validation": 1.0364732470010236,
  "timestamp": "20250501093135"
}